Workbook

Sheet Sheet1
A1: Material | B1: Material Description | C1: Eaches | D1: Cases/pallet | E1: Pallets order | F1: Cube order | G1: Cube_pallet | H1: Weight order | I1: Weight_pallet | J1: Cubic feet alberto sizes
A2: 610010005234 | B2: ALPE GRAPHITE 12X24 NR | C2: 32 | D2: 32 | E2: =C2/D2 -> 1 | F2: 73.78 | G2: =F2/E2 -> 73.78 | H2: 1818 | I2: =H2/E2 -> 1818 | J2: 22.2 | K2: =G2/J2 -> 3.3234234
A3: 610010005396 | B3: IMPERO BLACK 12X24 16CV | D3: 16 | E3: =C3/D3 -> 0 | G3: 42.675 | I3: 972.74 | J3: 13 | K3: =G3/J3 -> 3.2826923
A4: 610010002317 | B4: BLUESTONE NAT.CLEFT 60SP | C4: 240 | D4: 60 | E4: =C4/D4 -> 4 | F4: 78.97 | G4: =F4/E4 -> 19.7425 | H4: 8776 | I4: =H4/E4 -> 2194
A5: 610010005236 | B5: ALPE IVORY 12X24 NR | C5: 32 | D5: 32 | E5: =C5/D5 -> 1 | F5: 73.8 | G5: =F5/E5 -> 73.8 | H5: 1791 | I5: =H5/E5 -> 1791
A6: 610010005509 | B6: FLAGSTONE GOLD 24X24 20MM | C6: 240 | D6: 60 | E6: =C6/D6 -> 4 | F6: 79.88 | G6: =F6/E6 -> 19.97 | H6: 8528 | I6: =H6/E6 -> 2132
A7: 600010000961 | B7: ALPE GRAY 60 SP | C7: 240 | D7: 60 | E7: =C7/D7 -> 4 | F7: 78.97 | G7: =F7/E7 -> 19.7425 | H7: 8776 | I7: =H7/E7 -> 2194
A8: 610010002220 | B8: PIETRA CHROME 60SP | C8: 240 | D8: 60 | E8: =C8/D8 -> 4 | F8: 261.38 | G8: =F8/E8 -> 65.345 | H8: 8776 | I8: =H8/E8 -> 2194
A9: 610010005474 | B9: IMPERO PRESTIGE WHITE 24X48 | C9: 105 | D9: 35 | E9: =C9/D9 -> 3 | F9: 264 | G9: =F9/E9 -> 88 | H9: 5976 | I9: =H9/E9 -> 1992
A10: 600010000959 | B10: PIETRA JERUS.60SP | C10: 240 | D10: 60 | E10: =C10/D10 -> 4 | F10: 78.97 | G10: =F10/E10 -> 19.7425 | H10: 8776 | I10: =H10/E10 -> 2194
A11: 610010005394 | B11: UNICO PEARL 12X24 | D11: 16 | E11: =C11/D11 -> 0 | G11: 70.61 | I11: 918
A12: 610010002200 | B12: SELVA ASH 8X40 | C12: 72 | D12: 36 | E12: =C12/D12 -> 2 | F12: 145.77 | G12: =F12/E12 -> 72.885 | H12: 3760 | I12: =H12/E12 -> 1880 | J12: 22.2 | K12: =G12/J12 -> 3.2831081
A13: 610010004653 | B13: BLUESTONE NAT.CL.120SP | C13: 120 | D13: 30 | E13: =C13/D13 -> 4 | F13: 78.97 | G13: =F13/E13 -> 19.7425 | H13: 8488 | I13: =H13/E13 -> 2122
A14: 610010002206 | B14: ALPE WHITE 60SP | C14: 240 | D14: 60 | E14: =C14/D14 -> 4 | F14: 78.97 | G14: =F14/E14 -> 19.7425 | H14: 8776 | I14: =H14/E14 -> 2194
A15: 610010006074 | B15: SELVA VENICE 8X40 | C15: 216 | D15: 36 | E15: =C15/D15 -> 6 | F15: 386.69 | G15: =F15/E15 -> 64.448333 | H15: 12504 | I15: =H15/E15 -> 2084 | J15: 22.2 | K15: =G15/J15 -> 2.9030781
A16: 610010006069 | B16: IMPERO WHITE EVEREST 24X48 SILK | C16: 350 | D16: 35 | E16: =C16/D16 -> 10 | F16: 773.44 | G16: =F16/E16 -> 77.344 | H16: 21285 | I16: =H16/E16 -> 2128.5
A17: 610010006072 | B17: URBAN EARTH IVORY 12X24 | C17: 512 | D17: 32 | E17: =C17/D17 -> 16 | F17: 1106.56 | G17: =F17/E17 -> 69.16 | H17: 29184 | I17: =H17/E17 -> 1824
A18: 610010006068 | B18: IMPERO TUSCAN GRAY 24X48 SILK | C18: 315 | D18: 35 | E18: =C18/D18 -> 9 | F18: 792 | G18: =F18/E18 -> 88 | H18: 17613 | I18: =H18/E18 -> 1957 | J18: 29 | K18: =G18/J18 -> 3.0344828
A19: 610010006073 | B19: TAJ MAHAL IVORY 12X24 SILK | C19: 512 | D19: 32 | E19: =C19/D19 -> 16 | F19: 1161.89 | G19: =F19/E19 -> 72.618125 | H19: 27712 | I19: =H19/E19 -> 1732
A20: 610010006070 | B20: PIETRA LIMESTONE WHITE 12X24 | C20: 352 | D20: 32 | E20: =C20/D20 -> 11 | F20: 760.76 | G20: =F20/E20 -> 69.16 | H20: 20064 | I20: =H20/E20 -> 1824
A21: 610010005960 | B21: TAJ MAHAL IVORY 24X48 SILK | C21: 105 | D21: 35 | E21: =C21/D21 -> 3 | F21: 232.04 | G21: =F21/E21 -> 77.346667 | H21: 6385.5 | I21: =H21/E21 -> 2128.5
A22: 610010006071 | B22: TRAVERTINE ALMOND 12X24 | C22: 640 | D22: 32 | E22: =C22/D22 -> 20 | F22: 1383.2 | G22: =F22/E22 -> 69.16 | H22: 36480 | I22: =H22/E22 -> 1824
A23: 610010002204 | B23: PIETRA DUNE 12X24 | D23: 32 | G23: 73.78 | I23: 1818
A24: 610010004651 | B24: ALPE GRAY 120SP | C24: 120 | D24: 30 | E24: =C24/D24 -> 4 | F24: 78.97 | G24: =F24/E24 -> 19.7425 | H24: 8488 | I24: =H24/E24 -> 2122
M1048576: x

Sheet Mapping
A1: OMSID | B1: Cod_articolo | C1: Material Desc | D1: Desc_formato | E1: gross lbs + pallet | F1: Cube Vendor PLX
A2: 206947177 | B2: 600010000959 | C2: PIETRA JERUS.60SP | D2: 60x60 SPS | E2: 2259.9871 | F2: =VLOOKUP(B2,Sheet1!$A$2:$G$24,7,FALSE) -> 19.7425
A3: 206946576 | B3: 600010000961 | C3: ALPE GRAY 60 SP | D3: 60x60 SPS | E3: 2259.9871 | F3: =VLOOKUP(B3,Sheet1!$A$2:$G$24,7,FALSE) -> 19.7425
A4: 306863886 | B4: 610010002200 | C4: SELVA ASH 8X40 | D4: 20x100 | E4: 1981.6494 | F4: =VLOOKUP(B4,Sheet1!$A$2:$G$24,7,FALSE) -> 72.885
A5: 306863237 | B5: 610010002204 | C5: PIETRA DUNE 12X24 | D5: 30x60 | E5: 1863.7237 | F5: =VLOOKUP(B5,Sheet1!$A$2:$G$24,7,FALSE) -> 73.78
A6: 307689215 | B6: 610010002206 | C6: ALPE WHITE 60SP | D6: 60x60 SPS | E6: 2259.9871 | F6: =VLOOKUP(B6,Sheet1!$A$2:$G$24,7,FALSE) -> 19.7425
A7: 307689927 | B7: 610010002220 | C7: PIETRA CHROME 60SP | D7: 60x60 SPS | E7: 2259.9871 | F7: =VLOOKUP(B7,Sheet1!$A$2:$G$24,7,FALSE) -> 65.345
A8: 315040212 | B8: 610010002317 | C8: BLUESTONE NAT.CLEFT 60SP | D8: 60x60 SPS | E8: 2259.9871 | F8: =VLOOKUP(B8,Sheet1!$A$2:$G$24,7,FALSE) -> 19.7425
A9: 317169130 | B9: 610010004651 | C9: ALPE GRAY 120SP | D9: 60x120 SPS | E9: 2259.9871 | F9: =VLOOKUP(B9,Sheet1!$A$2:$G$24,7,FALSE) -> 19.7425
A10: 317169303 | B10: 610010004653 | C10: BLUESTONE NAT.CL.120SP | D10: 60x120 SPS | E10: 2259.9871 | F10: =VLOOKUP(B10,Sheet1!$A$2:$G$24,7,FALSE) -> 19.7425
A11: 308736405 | B11: 610010005234 | C11: ALPE GRAPHITE 12X24 NR | D11: 30x60 | E11: 1863.7237 | F11: =VLOOKUP(B11,Sheet1!$A$2:$G$24,7,FALSE) -> 73.78
A12: 317382635 | B12: 610010005236 | C12: ALPE IVORY 12X24 NR | D12: 30x60 | E12: 1863.7237 | F12: =VLOOKUP(B12,Sheet1!$A$2:$G$24,7,FALSE) -> 73.8
A13: 325193287 | B13: 610010005394 | C13: UNICO PEARL 12X24 | D13: 30x60 | E13: 999.81183 | F13: =VLOOKUP(B13,Sheet1!$A$2:$G$24,7,FALSE) -> 70.61
... A24: 339933445 | B24: 610010006074 | C24: SELVA VENICE 8X40 | D24: 20x100 | E24: 1916.696 | F24: =VLOOKUP(B24,Sheet1!$A$2:$G$24,7,FALSE) -> 64.448333
